{
  "backprop" : true,
  "backpropType" : "Standard",
  "confs" : [ {
    "extraArgs" : [ 0 ],
    "l1ByParam" : {
      "b" : 0.0,
      "W" : 0.0
    },
    "l2ByParam" : {
      "b" : 0.0,
      "W" : 0.001
    },
    "layer" : {
      "convolution" : {
        "activationFunction" : "relu",
        "adamMeanDecay" : "NaN",
        "adamVarDecay" : "NaN",
        "biasInit" : 0.0,
        "biasL1" : 0.0,
        "biasL2" : 0.0,
        "biasLearningRate" : 0.1,
        "convolutionType" : "VALID",
        "cudnnAlgoMode" : "PREFER_FASTEST",
        "dist" : null,
        "dropOut" : 0.0,
        "epsilon" : "NaN",
        "gradientNormalization" : "None",
        "gradientNormalizationThreshold" : 1.0,
        "kernelSize" : [ 68, 7 ],
        "l1" : 0.0,
        "l2" : 0.001,
        "layerName" : "Conv1",
        "learningRate" : 0.1,
        "learningRateSchedule" : null,
        "momentum" : 0.1,
        "momentumSchedule" : { },
        "nin" : 1,
        "nout" : 256,
        "padding" : [ 0, 0 ],
        "rho" : "NaN",
        "rmsDecay" : "NaN",
        "stride" : [ 68, 1 ],
        "updater" : "NESTEROVS",
        "weightInit" : "XAVIER"
      }
    },
    "leakyreluAlpha" : 0.0,
    "learningRateByParam" : {
      "b" : 0.1,
      "W" : 0.1
    },
    "learningRatePolicy" : "None",
    "lrPolicyDecayRate" : "NaN",
    "lrPolicyPower" : "NaN",
    "lrPolicySteps" : "NaN",
    "maxNumLineSearchIterations" : 5,
    "miniBatch" : true,
    "minimize" : true,
    "numIterations" : 1,
    "optimizationAlgo" : "STOCHASTIC_GRADIENT_DESCENT",
    "seed" : 123,
    "stepFunction" : null,
    "useDropConnect" : false,
    "useRegularization" : true,
    "variables" : [ "W", "b" ]
  }, {
    "extraArgs" : [ 0 ],
    "l1ByParam" : { },
    "l2ByParam" : { },
    "layer" : {
      "subsampling" : {
        "activationFunction" : "relu",
        "adamMeanDecay" : "NaN",
        "adamVarDecay" : "NaN",
        "biasInit" : 0.0,
        "biasL1" : 0.0,
        "biasL2" : 0.0,
        "biasLearningRate" : 0.1,
        "dist" : null,
        "dropOut" : 0.0,
        "epsilon" : "NaN",
        "gradientNormalization" : "None",
        "gradientNormalizationThreshold" : 1.0,
        "kernelSize" : [ 1, 3 ],
        "l1" : 0.0,
        "l2" : 0.001,
        "layerName" : "Pool1",
        "learningRate" : 0.1,
        "learningRateSchedule" : null,
        "momentum" : 0.1,
        "momentumSchedule" : { },
        "padding" : [ 0, 0 ],
        "poolingType" : "MAX",
        "rho" : "NaN",
        "rmsDecay" : "NaN",
        "stride" : [ 1, 3 ],
        "updater" : "NESTEROVS",
        "weightInit" : "XAVIER"
      }
    },
    "leakyreluAlpha" : 0.0,
    "learningRateByParam" : { },
    "learningRatePolicy" : "None",
    "lrPolicyDecayRate" : "NaN",
    "lrPolicyPower" : "NaN",
    "lrPolicySteps" : "NaN",
    "maxNumLineSearchIterations" : 5,
    "miniBatch" : true,
    "minimize" : true,
    "numIterations" : 1,
    "optimizationAlgo" : "STOCHASTIC_GRADIENT_DESCENT",
    "seed" : 123,
    "stepFunction" : null,
    "useDropConnect" : false,
    "useRegularization" : true,
    "variables" : [ ]
  }, {
    "extraArgs" : [ 0 ],
    "l1ByParam" : {
      "b" : 0.0,
      "W" : 0.0
    },
    "l2ByParam" : {
      "b" : 0.0,
      "W" : 0.001
    },
    "layer" : {
      "convolution" : {
        "activationFunction" : "relu",
        "adamMeanDecay" : "NaN",
        "adamVarDecay" : "NaN",
        "biasInit" : 0.0,
        "biasL1" : 0.0,
        "biasL2" : 0.0,
        "biasLearningRate" : 0.1,
        "convolutionType" : "VALID",
        "cudnnAlgoMode" : "PREFER_FASTEST",
        "dist" : null,
        "dropOut" : 0.0,
        "epsilon" : "NaN",
        "gradientNormalization" : "None",
        "gradientNormalizationThreshold" : 1.0,
        "kernelSize" : [ 1, 7 ],
        "l1" : 0.0,
        "l2" : 0.001,
        "layerName" : "Conv2",
        "learningRate" : 0.1,
        "learningRateSchedule" : null,
        "momentum" : 0.1,
        "momentumSchedule" : { },
        "nin" : 256,
        "nout" : 256,
        "padding" : [ 0, 0 ],
        "rho" : "NaN",
        "rmsDecay" : "NaN",
        "stride" : [ 1, 1 ],
        "updater" : "NESTEROVS",
        "weightInit" : "XAVIER"
      }
    },
    "leakyreluAlpha" : 0.0,
    "learningRateByParam" : {
      "b" : 0.1,
      "W" : 0.1
    },
    "learningRatePolicy" : "None",
    "lrPolicyDecayRate" : "NaN",
    "lrPolicyPower" : "NaN",
    "lrPolicySteps" : "NaN",
    "maxNumLineSearchIterations" : 5,
    "miniBatch" : true,
    "minimize" : true,
    "numIterations" : 1,
    "optimizationAlgo" : "STOCHASTIC_GRADIENT_DESCENT",
    "seed" : 123,
    "stepFunction" : null,
    "useDropConnect" : false,
    "useRegularization" : true,
    "variables" : [ "W", "b" ]
  }, {
    "extraArgs" : [ 0 ],
    "l1ByParam" : { },
    "l2ByParam" : { },
    "layer" : {
      "subsampling" : {
        "activationFunction" : "relu",
        "adamMeanDecay" : "NaN",
        "adamVarDecay" : "NaN",
        "biasInit" : 0.0,
        "biasL1" : 0.0,
        "biasL2" : 0.0,
        "biasLearningRate" : 0.1,
        "dist" : null,
        "dropOut" : 0.0,
        "epsilon" : "NaN",
        "gradientNormalization" : "None",
        "gradientNormalizationThreshold" : 1.0,
        "kernelSize" : [ 1, 3 ],
        "l1" : 0.0,
        "l2" : 0.001,
        "layerName" : "Pool2",
        "learningRate" : 0.1,
        "learningRateSchedule" : null,
        "momentum" : 0.1,
        "momentumSchedule" : { },
        "padding" : [ 0, 0 ],
        "poolingType" : "MAX",
        "rho" : "NaN",
        "rmsDecay" : "NaN",
        "stride" : [ 1, 3 ],
        "updater" : "NESTEROVS",
        "weightInit" : "XAVIER"
      }
    },
    "leakyreluAlpha" : 0.0,
    "learningRateByParam" : { },
    "learningRatePolicy" : "None",
    "lrPolicyDecayRate" : "NaN",
    "lrPolicyPower" : "NaN",
    "lrPolicySteps" : "NaN",
    "maxNumLineSearchIterations" : 5,
    "miniBatch" : true,
    "minimize" : true,
    "numIterations" : 1,
    "optimizationAlgo" : "STOCHASTIC_GRADIENT_DESCENT",
    "seed" : 123,
    "stepFunction" : null,
    "useDropConnect" : false,
    "useRegularization" : true,
    "variables" : [ ]
  }, {
    "extraArgs" : [ 0 ],
    "l1ByParam" : {
      "b" : 0.0,
      "W" : 0.0
    },
    "l2ByParam" : {
      "b" : 0.0,
      "W" : 0.001
    },
    "layer" : {
      "convolution" : {
        "activationFunction" : "relu",
        "adamMeanDecay" : "NaN",
        "adamVarDecay" : "NaN",
        "biasInit" : 0.0,
        "biasL1" : 0.0,
        "biasL2" : 0.0,
        "biasLearningRate" : 0.1,
        "convolutionType" : "VALID",
        "cudnnAlgoMode" : "PREFER_FASTEST",
        "dist" : null,
        "dropOut" : 0.0,
        "epsilon" : "NaN",
        "gradientNormalization" : "None",
        "gradientNormalizationThreshold" : 1.0,
        "kernelSize" : [ 1, 3 ],
        "l1" : 0.0,
        "l2" : 0.001,
        "layerName" : "Conv3",
        "learningRate" : 0.1,
        "learningRateSchedule" : null,
        "momentum" : 0.1,
        "momentumSchedule" : { },
        "nin" : 256,
        "nout" : 256,
        "padding" : [ 0, 0 ],
        "rho" : "NaN",
        "rmsDecay" : "NaN",
        "stride" : [ 1, 1 ],
        "updater" : "NESTEROVS",
        "weightInit" : "XAVIER"
      }
    },
    "leakyreluAlpha" : 0.0,
    "learningRateByParam" : {
      "b" : 0.1,
      "W" : 0.1
    },
    "learningRatePolicy" : "None",
    "lrPolicyDecayRate" : "NaN",
    "lrPolicyPower" : "NaN",
    "lrPolicySteps" : "NaN",
    "maxNumLineSearchIterations" : 5,
    "miniBatch" : true,
    "minimize" : true,
    "numIterations" : 1,
    "optimizationAlgo" : "STOCHASTIC_GRADIENT_DESCENT",
    "seed" : 123,
    "stepFunction" : null,
    "useDropConnect" : false,
    "useRegularization" : true,
    "variables" : [ "W", "b" ]
  }, {
    "extraArgs" : [ 0 ],
    "l1ByParam" : {
      "b" : 0.0,
      "W" : 0.0
    },
    "l2ByParam" : {
      "b" : 0.0,
      "W" : 0.001
    },
    "layer" : {
      "convolution" : {
        "activationFunction" : "relu",
        "adamMeanDecay" : "NaN",
        "adamVarDecay" : "NaN",
        "biasInit" : 0.0,
        "biasL1" : 0.0,
        "biasL2" : 0.0,
        "biasLearningRate" : 0.1,
        "convolutionType" : "VALID",
        "cudnnAlgoMode" : "PREFER_FASTEST",
        "dist" : null,
        "dropOut" : 0.0,
        "epsilon" : "NaN",
        "gradientNormalization" : "None",
        "gradientNormalizationThreshold" : 1.0,
        "kernelSize" : [ 1, 3 ],
        "l1" : 0.0,
        "l2" : 0.001,
        "layerName" : "Conv4",
        "learningRate" : 0.1,
        "learningRateSchedule" : null,
        "momentum" : 0.1,
        "momentumSchedule" : { },
        "nin" : 256,
        "nout" : 256,
        "padding" : [ 0, 0 ],
        "rho" : "NaN",
        "rmsDecay" : "NaN",
        "stride" : [ 1, 1 ],
        "updater" : "NESTEROVS",
        "weightInit" : "XAVIER"
      }
    },
    "leakyreluAlpha" : 0.0,
    "learningRateByParam" : {
      "b" : 0.1,
      "W" : 0.1
    },
    "learningRatePolicy" : "None",
    "lrPolicyDecayRate" : "NaN",
    "lrPolicyPower" : "NaN",
    "lrPolicySteps" : "NaN",
    "maxNumLineSearchIterations" : 5,
    "miniBatch" : true,
    "minimize" : true,
    "numIterations" : 1,
    "optimizationAlgo" : "STOCHASTIC_GRADIENT_DESCENT",
    "seed" : 123,
    "stepFunction" : null,
    "useDropConnect" : false,
    "useRegularization" : true,
    "variables" : [ "W", "b" ]
  }, {
    "extraArgs" : [ 0 ],
    "l1ByParam" : {
      "b" : 0.0,
      "W" : 0.0
    },
    "l2ByParam" : {
      "b" : 0.0,
      "W" : 0.001
    },
    "layer" : {
      "convolution" : {
        "activationFunction" : "relu",
        "adamMeanDecay" : "NaN",
        "adamVarDecay" : "NaN",
        "biasInit" : 0.0,
        "biasL1" : 0.0,
        "biasL2" : 0.0,
        "biasLearningRate" : 0.1,
        "convolutionType" : "VALID",
        "cudnnAlgoMode" : "PREFER_FASTEST",
        "dist" : null,
        "dropOut" : 0.0,
        "epsilon" : "NaN",
        "gradientNormalization" : "None",
        "gradientNormalizationThreshold" : 1.0,
        "kernelSize" : [ 1, 3 ],
        "l1" : 0.0,
        "l2" : 0.001,
        "layerName" : "Conv5",
        "learningRate" : 0.1,
        "learningRateSchedule" : null,
        "momentum" : 0.1,
        "momentumSchedule" : { },
        "nin" : 256,
        "nout" : 256,
        "padding" : [ 0, 0 ],
        "rho" : "NaN",
        "rmsDecay" : "NaN",
        "stride" : [ 1, 1 ],
        "updater" : "NESTEROVS",
        "weightInit" : "XAVIER"
      }
    },
    "leakyreluAlpha" : 0.0,
    "learningRateByParam" : {
      "b" : 0.1,
      "W" : 0.1
    },
    "learningRatePolicy" : "None",
    "lrPolicyDecayRate" : "NaN",
    "lrPolicyPower" : "NaN",
    "lrPolicySteps" : "NaN",
    "maxNumLineSearchIterations" : 5,
    "miniBatch" : true,
    "minimize" : true,
    "numIterations" : 1,
    "optimizationAlgo" : "STOCHASTIC_GRADIENT_DESCENT",
    "seed" : 123,
    "stepFunction" : null,
    "useDropConnect" : false,
    "useRegularization" : true,
    "variables" : [ "W", "b" ]
  }, {
    "extraArgs" : [ 0 ],
    "l1ByParam" : {
      "b" : 0.0,
      "W" : 0.0
    },
    "l2ByParam" : {
      "b" : 0.0,
      "W" : 0.001
    },
    "layer" : {
      "convolution" : {
        "activationFunction" : "relu",
        "adamMeanDecay" : "NaN",
        "adamVarDecay" : "NaN",
        "biasInit" : 0.0,
        "biasL1" : 0.0,
        "biasL2" : 0.0,
        "biasLearningRate" : 0.1,
        "convolutionType" : "VALID",
        "cudnnAlgoMode" : "PREFER_FASTEST",
        "dist" : null,
        "dropOut" : 0.0,
        "epsilon" : "NaN",
        "gradientNormalization" : "None",
        "gradientNormalizationThreshold" : 1.0,
        "kernelSize" : [ 1, 3 ],
        "l1" : 0.0,
        "l2" : 0.001,
        "layerName" : "Conv6",
        "learningRate" : 0.1,
        "learningRateSchedule" : null,
        "momentum" : 0.1,
        "momentumSchedule" : { },
        "nin" : 256,
        "nout" : 256,
        "padding" : [ 0, 0 ],
        "rho" : "NaN",
        "rmsDecay" : "NaN",
        "stride" : [ 1, 1 ],
        "updater" : "NESTEROVS",
        "weightInit" : "XAVIER"
      }
    },
    "leakyreluAlpha" : 0.0,
    "learningRateByParam" : {
      "b" : 0.1,
      "W" : 0.1
    },
    "learningRatePolicy" : "None",
    "lrPolicyDecayRate" : "NaN",
    "lrPolicyPower" : "NaN",
    "lrPolicySteps" : "NaN",
    "maxNumLineSearchIterations" : 5,
    "miniBatch" : true,
    "minimize" : true,
    "numIterations" : 1,
    "optimizationAlgo" : "STOCHASTIC_GRADIENT_DESCENT",
    "seed" : 123,
    "stepFunction" : null,
    "useDropConnect" : false,
    "useRegularization" : true,
    "variables" : [ "W", "b" ]
  }, {
    "extraArgs" : [ 0 ],
    "l1ByParam" : { },
    "l2ByParam" : { },
    "layer" : {
      "subsampling" : {
        "activationFunction" : "relu",
        "adamMeanDecay" : "NaN",
        "adamVarDecay" : "NaN",
        "biasInit" : 0.0,
        "biasL1" : 0.0,
        "biasL2" : 0.0,
        "biasLearningRate" : 0.1,
        "dist" : null,
        "dropOut" : 0.0,
        "epsilon" : "NaN",
        "gradientNormalization" : "None",
        "gradientNormalizationThreshold" : 1.0,
        "kernelSize" : [ 1, 3 ],
        "l1" : 0.0,
        "l2" : 0.001,
        "layerName" : "Pool3",
        "learningRate" : 0.1,
        "learningRateSchedule" : null,
        "momentum" : 0.1,
        "momentumSchedule" : { },
        "padding" : [ 0, 0 ],
        "poolingType" : "MAX",
        "rho" : "NaN",
        "rmsDecay" : "NaN",
        "stride" : [ 1, 3 ],
        "updater" : "NESTEROVS",
        "weightInit" : "XAVIER"
      }
    },
    "leakyreluAlpha" : 0.0,
    "learningRateByParam" : { },
    "learningRatePolicy" : "None",
    "lrPolicyDecayRate" : "NaN",
    "lrPolicyPower" : "NaN",
    "lrPolicySteps" : "NaN",
    "maxNumLineSearchIterations" : 5,
    "miniBatch" : true,
    "minimize" : true,
    "numIterations" : 1,
    "optimizationAlgo" : "STOCHASTIC_GRADIENT_DESCENT",
    "seed" : 123,
    "stepFunction" : null,
    "useDropConnect" : false,
    "useRegularization" : true,
    "variables" : [ ]
  }, {
    "extraArgs" : [ 0 ],
    "l1ByParam" : {
      "b" : 0.0,
      "W" : 0.0
    },
    "l2ByParam" : {
      "b" : 0.0,
      "W" : 0.001
    },
    "layer" : {
      "dense" : {
        "activationFunction" : "relu",
        "adamMeanDecay" : "NaN",
        "adamVarDecay" : "NaN",
        "biasInit" : 0.0,
        "biasL1" : 0.0,
        "biasL2" : 0.0,
        "biasLearningRate" : 0.1,
        "dist" : null,
        "dropOut" : 0.5,
        "epsilon" : "NaN",
        "gradientNormalization" : "None",
        "gradientNormalizationThreshold" : 1.0,
        "l1" : 0.0,
        "l2" : 0.001,
        "layerName" : "Fully1",
        "learningRate" : 0.1,
        "learningRateSchedule" : null,
        "momentum" : 0.1,
        "momentumSchedule" : { },
        "nin" : 1536,
        "nout" : 1536,
        "rho" : "NaN",
        "rmsDecay" : "NaN",
        "updater" : "NESTEROVS",
        "weightInit" : "XAVIER"
      }
    },
    "leakyreluAlpha" : 0.0,
    "learningRateByParam" : {
      "b" : 0.1,
      "W" : 0.1
    },
    "learningRatePolicy" : "None",
    "lrPolicyDecayRate" : "NaN",
    "lrPolicyPower" : "NaN",
    "lrPolicySteps" : "NaN",
    "maxNumLineSearchIterations" : 5,
    "miniBatch" : true,
    "minimize" : true,
    "numIterations" : 1,
    "optimizationAlgo" : "STOCHASTIC_GRADIENT_DESCENT",
    "seed" : 123,
    "stepFunction" : null,
    "useDropConnect" : false,
    "useRegularization" : true,
    "variables" : [ "W", "b" ]
  }, {
    "extraArgs" : [ 0 ],
    "l1ByParam" : {
      "b" : 0.0,
      "W" : 0.0
    },
    "l2ByParam" : {
      "b" : 0.0,
      "W" : 0.001
    },
    "layer" : {
      "dense" : {
        "activationFunction" : "relu",
        "adamMeanDecay" : "NaN",
        "adamVarDecay" : "NaN",
        "biasInit" : 0.0,
        "biasL1" : 0.0,
        "biasL2" : 0.0,
        "biasLearningRate" : 0.1,
        "dist" : null,
        "dropOut" : 0.5,
        "epsilon" : "NaN",
        "gradientNormalization" : "None",
        "gradientNormalizationThreshold" : 1.0,
        "l1" : 0.0,
        "l2" : 0.001,
        "layerName" : "Fully2",
        "learningRate" : 0.1,
        "learningRateSchedule" : null,
        "momentum" : 0.1,
        "momentumSchedule" : { },
        "nin" : 1536,
        "nout" : 256,
        "rho" : "NaN",
        "rmsDecay" : "NaN",
        "updater" : "NESTEROVS",
        "weightInit" : "XAVIER"
      }
    },
    "leakyreluAlpha" : 0.0,
    "learningRateByParam" : {
      "b" : 0.1,
      "W" : 0.1
    },
    "learningRatePolicy" : "None",
    "lrPolicyDecayRate" : "NaN",
    "lrPolicyPower" : "NaN",
    "lrPolicySteps" : "NaN",
    "maxNumLineSearchIterations" : 5,
    "miniBatch" : true,
    "minimize" : true,
    "numIterations" : 1,
    "optimizationAlgo" : "STOCHASTIC_GRADIENT_DESCENT",
    "seed" : 123,
    "stepFunction" : null,
    "useDropConnect" : false,
    "useRegularization" : true,
    "variables" : [ "W", "b" ]
  }, {
    "extraArgs" : [ ],
    "l1ByParam" : {
      "b" : 0.0,
      "W" : 0.0
    },
    "l2ByParam" : {
      "b" : 0.0,
      "W" : 0.001
    },
    "layer" : {
      "output" : {
        "activationFunction" : "softmax",
        "adamMeanDecay" : "NaN",
        "adamVarDecay" : "NaN",
        "biasInit" : 0.0,
        "biasL1" : 0.0,
        "biasL2" : 0.0,
        "biasLearningRate" : 0.1,
        "customLossFunction" : null,
        "dist" : null,
        "dropOut" : 0.0,
        "epsilon" : "NaN",
        "gradientNormalization" : "None",
        "gradientNormalizationThreshold" : 1.0,
        "l1" : 0.0,
        "l2" : 0.001,
        "layerName" : "Output",
        "learningRate" : 0.1,
        "learningRateSchedule" : null,
        "lossFn" : {
          "MCXENT" : { }
        },
        "lossFunction" : "MCXENT",
        "momentum" : 0.1,
        "momentumSchedule" : { },
        "nin" : 256,
        "nout" : 4,
        "rho" : "NaN",
        "rmsDecay" : "NaN",
        "updater" : "NESTEROVS",
        "weightInit" : "XAVIER"
      }
    },
    "leakyreluAlpha" : 0.0,
    "learningRateByParam" : {
      "b" : 0.1,
      "W" : 0.1
    },
    "learningRatePolicy" : "None",
    "lrPolicyDecayRate" : "NaN",
    "lrPolicyPower" : "NaN",
    "lrPolicySteps" : "NaN",
    "maxNumLineSearchIterations" : 5,
    "miniBatch" : true,
    "minimize" : true,
    "numIterations" : 1,
    "optimizationAlgo" : "STOCHASTIC_GRADIENT_DESCENT",
    "seed" : 123,
    "stepFunction" : null,
    "useDropConnect" : false,
    "useRegularization" : true,
    "variables" : [ "W", "b" ]
  } ],
  "inputPreProcessors" : {
    "0" : {
      "feedForwardToCnn" : {
        "inputHeight" : 68,
        "inputWidth" : 258,
        "numChannels" : 1
      }
    },
    "9" : {
      "cnnToFeedForward" : {
        "inputHeight" : 1,
        "inputWidth" : 6,
        "numChannels" : 256
      }
    }
  },
  "pretrain" : false,
  "tbpttBackLength" : 20,
  "tbpttFwdLength" : 20
}